1,1,1,5
1,2,1,5
2,3,1,5
2,4,1,5
1,1,2,10
1,2,2,10
2,3,2,10
2,4,2,10
3,5,2,10
1,1,3,12
1,2,3,12
1,3,3,12
2,4,3,12
2,5,3,12
2,6,3,12
1(Executive),1,4,13
2(Executive),2,4,13
3,3,4,13
3,4,4,13
4,5,4,13
4,6,4,13
5,7,4,13
5,8,4,13
6,9,4,13
6,10,4,13
6,11,4,13
6,12,4,13
1,1,5,18
1,2,5,18
2,3,5,18
2,4,5,18
3(Annex),5,5,18
3(Annex),6,5,18
1,1,6,17
1,2,6,17
2,3,6,17
2,4,6,17
1,1,7,3
1,2,7,3
2,3,7,3
2,4,7,3
1,1,8,20
1,2,8,20
2,3,8,20
2,4,8,20
3,5,8,20
4,6,8,20
1,1,9,8
1,2,9,8
2,3,9,8
2,4,9,8
3,5,9,8
3,6,9,8
1,1,10,8
2,2,10,8
1(Executive),1,11,11
1(Executive),2,11,11
2,3,11,11
2,4,11,11
2,5,11,11
1,1,12,19
1,2,12,19
2,3,12,19
2,4,12,19
1,1,13,12
2,2,13,12
2,3,13,12
1,1,14,12
1,2,14,12
1(Executive),1,15,17
1(Executive),2,15,17
2,3,15,17
2,4,15,17
3,5,15,17
3,6,15,17
5,1,16,1
5,2,16,1
4,3,16,1
4,4,16,1
3,5,16,1
3,6,16,1
2(Executive),7,16,1
1(Executive),8,16,1
1,1,17,1
1,2,17,1
2,3,17,1
2,4,17,1
1,1,18,19
1,2,18,19
2,3,18,19
2,4,18,19
1,1,19,6
1,2,19,6
2,3,19,6
2,4,19,6
1,1,20,2
2,2,20,2
2,3,20,2
1,1,21,16
1,2,21,16
2,3,21,16
2,4,21,16
1(Executive),1,22,7
1(Executive),2,22,7
2,1,22,7
2,2,22,7
2,3,22,7
3,1,22,7
3,2,22,7
1(Executive),1,23,15
1(Executive),2,23,15
2,1,23,15
2,2,23,15
2,3,23,15
1,1,24,9
1,2,24,9
2,1,24,9
2,2,24,9
2,3,24,9
3(Annex),1,24,9
3(Annex),2,24,9
1,1,25,9
1,2,25,9
2,1,25,9
2,2,25,9
2,3,25,9